21	ANA ATAC
23	ANA BTAC
25	2F ANATAC
35	2A BRETAC
37	2B BRETAC
45	COSDSP
47	COSTAC
51	FVY ATAC
55	FVYTAC
61	FUL ATAC
65	2G FULTAC
75	2H GGVTAC
81	HTB ATAC
83	HTB BTAC
85	HTBTAC
91	LABOPS
95	2C METTAC
97	2D METTAC
107	LABDSP
115	NPBTAC
121	ORG ATAC
123	ORG BTAC
125	2I ORGTAC
135	STAOPS
139	ORCO DSP
141	STATAC
143	STATAC
151	1A ECC
153	1B RAWS
155	1C CREWS
157	1D INV
159	1E PREV
161	1F COMM
163	1G EDU
165	4A JWA
167	5B ORCDSP
169	4C CMD 14
171	4D DIV1
173	4E DIV4
175	4F SEA 14
177	5A AIRSPT
181	5C CMD 23
183	5D DIV2
185	5E DIV3
187	5F SEA 23
191	2E NORDSP
193	CENDSP
221	2J BRE TAC
223	2K LHB TAC
225	2L TAC
227	2M NOR TAC
229	2N NOR TAC
231	2O TAC
233	COSTAC
235	STATAC
237	CENATAC
239	CENATAC
241	CENATAC
243	CENATAC
245	4G FLDER N
247	4H DIV6
249	4I TAC
251	4J ALT TAC
253	4K ALT TAC
255	4L TAC
257	4M TAC
259	4N TAC
261	4O TAC
263	5I TAC
265	5J TAC
267	5K FLDER S
269	5L TAC
271	5M TAC
273	5N TAC
275	5O TAC
281	7A TRAVEL
321	1C ANA IO PNK
323	BRE IO PINK
327	COS IO PINK
335	1C FUL IO PNK
339	1C HTB IO PNK
343	LHB IO PINK
353	NPB IO PINK
355	1C ORG IO PNK
361	STA IO PINK
391	9A TANCALL
393	TANN
395	TANS
397	9D TAN1
399	9E TAN2
401	TAN3
403	9G TAN4
407	TAN6
421	AIRCALL
425	7B EOC
431	MEDCALL
433	6B MEDN1
435	6C MEDN2
437	6D MED
439	MEDS1
441	MEDS2
443	6G MEDSW
445	MEDCO1
447	MEDCO2
449	MEDCO3
451	MEDLAB
1300	PIOPIO
1310	7C ARSON
1320	VIOLET1
1322	VIOLET2
1700	DSPDSP
1720	Hoag HSPOCC
1730	HBH
1740	MissionOCC
1750	SJMC
1760	UCI MC
1770	WesternOCC
1918	TAN7
1920	TAN8
1936	IRV TRIPS
2058	1C CYP IO PNK
2070	IRV IO PINK
2082	1C LAL IO PNK
2090	1C PLA IO PNK
2250	BROWNN
2252	BROWNS
2254	Brown 1
2258	BROWN3
2264	BROWN6
2308	CHOC
2400	ANA PW SIL1
2402	ANA PW SIL2
2404	ANA PW SIL3
2406	ANA PW SIL4
2408	ANA PW SIL5
2410	ANA PW SIL6
2412	ANA PW SIL7
2414	ANA PW SIL8
2416	ANA PW SIL9
2418	ANA PW SIL10
2420	ANA PW SIL11
2422	ANA PW SIL12
2424	BRE PD SIL1
2426	BPK PW SIL1
2428	COS PW SIL1
2430	CYP PW SIL1
2432	DAO PW SIL1
2434	FVY PW SIL1
2438	GGV PW SIL1
2440	HTB PW SIL1
2442	HTB PW SIL2
2446	IRV PW SIL1
2448	LAB PW SIL1
2454	LHB PW SIL1
2456	LAP PW SIL1
2460	MVO PW SIL1
2462	NPB PW SIL1
2464	ORG PW SIL1
2468	SCL PW SIL1
2472	STA PW SIL1
2476	DPW SIL3
2482	TST PW SIL1
2500	SIL1 AC
2502	CO AC SIL N
2504	S ANIMALCTRL
2510	SIL1 HCA
2512	HCA 2512
2514	HCA 2514
2516	HCA 2516
2520	PW SIL1
2522	PW SIL2
2524	PRK SIL1
2528	PW SIL5
2530	PW SIL6
2532	PW SIL7
2540	COMMS SIL1
2542	CO COMM SIL2
2544	CO COMM SIL3
2550	CO COMM SIL6
2552	CO COMM SIL8
2554	CO COMM SIL9
2560	IWMD SIL1
2570	JWA SIL1
2572	JWA SIL2
2574	JWA SIL3
2580	SO Transit 1
2582	SO Transit 2
2584	OCSD TRANS N
2592	AQA1 LagunaB
2600	PRK SIL2
2602	PRK SIL3
2800	AQUA2
2802	AQUA3
2950	HTB LG
2954	AQUA Newport
2956	AQUA SanClem
2958	SLB LG
2960	AQUA County
3100	ORANGEN
3102	ORANGES
3104	ORANGE1
3106	ORANGE2
3108	ORANGE3
3110	ORANGE4
3114	ORANGE6
3116	ORANGE7
3120	PURPLE
3130	BLACKN
3132	BLACKS
3134	BLACK1
3136	BLACK2
3138	Black 3 Inte
3140	BLACK4
3144	BLACK6
3146	BLACK7
3150	GRAYN
3152	GRAYS
3154	GRAY1
3156	GRAY2
3158	GRAY3
3160	GRAY4
3164	GRAY6
3166	GRAY7
3170	RED
3300	ANA PD GRN1
3302	ANA PD GRN2
3304	ANA PD GRN3
3306	ANA PD GRN4
3310	BRE PD GRN1
3312	BRE PD GRN2
3314	BRE PD GRN3
3320	BPK PD GRN1
3322	BPK PD GRN2
3324	BPK PD GRN3
3330	COS PD GRN1
3332	COS PD GRN2
3334	COS PD GRN3
3340	CYP PD GRN1
3342	CYP PD GRN2
3344	CYP PD GRN3
3350	FVY PD GRN1
3352	FVY PD GRN2
3354	FVY PD GRN3
3360	FUL PD GRN1
3362	FUL PD GRN2
3364	FUL PD GRN3
3370	GGV PD GRN1
3372	GGV PD GRN2
3374	GGV PD GRN3
3380	HTB PD GRN1
3382	HTB PD GRN2
3384	HTB PD GRN3
3390	IRV PD GRN1
3392	IRV PD GRN2
3394	IRV PD GRN3
3404	LAB PD GRN3
3410	LHB PD GRN1
3412	LHB PD GRN2
3414	LHB PD GRN3
3420	LAP PD GRN1
3422	LAP PD GRN2
3424	LAP PD GRN3
3432	LAL PD GRN2
3434	LAL PD GRN3
3440	NPB PD GRN1
3442	NPB PD GRN2
3444	NPB PD GRN3
3450	ORG PD GRN1
3452	ORG PD GRN2
3454	ORG PD GRN3
3460	PLA PD GRN1
3462	PLA PD GRN2
3464	PLA PD GRN3
3470	STA PD GRN1
3472	STA PD GRN2
3474	STA PD GRN3
3476	STA PD GRN4
3480	SBLA PDGRN1
3482	SLB PD GRN2
3484	SLB PD GRN3
3490	TST PD GRN1
3492	TST PD GRN2
3494	TST PD GRN3
3500	WST PD GRN1
3502	WST PD GRN2
3504	WST PD GRN3
3600	YELLOW1
3602	YELLOW2
3604	YELLOW3
3606	YELLOW4
3608	YELLOW5
3610	YELLOW6
3612	YELLOW7
3614	YTACC1
3616	YTACC2
3618	YTACN1
3620	YTACN2
3622	YTACS1
3624	YTACS2
3626	YTACA1
3628	OCMCJ
3630	OCWCJ
3632	OCJ Intake
3634	SHRFTLF
3636	OC JMF
3640	DA COUNTY
3650	YELLOW8
3652	YTACC3
3670	PROBATION 1
3672	PROBATION 2
3674	PROBATION 3
3680	OC CJC
3682	OC HJCN
3684	OCSD LJC
3686	OCSD NJC
3688	OC HJCLH
3690	OC HJCLN
3692	OCSD WJC
3830	SAUSD PD1
